Unit,Station_Lat,Station_Long,Sun_Norm,Mon_Norm,Tues_Norm,Wed_Norm,Thurs_Norm,Fri_Norm,Sat_Norm
R001,40.703082,-74.012983,1,7.986636971,9.585746102,9.469933185,10,6.271714922,2.273942094
R003,40.689945,-73.872564,1,7.335017686,8.221829207,8.731177362,10,6.393633148,3.273875695
R004,40.69132,-73.867135,1,9.390315981,9.885428506,10,9.942714253,6.888156399,2.593771312
R005,40.692304,-73.860151,1,9.693548387,10,8.566532258,5.679435484,3.469758065,3.054435484
R006,40.693866,-73.851568,1,8.901774909,10,9.549818475,9.321097217,6.707139976,2.91327148
R007,40.695184,-73.844326,1,8.896226415,9.537127206,9.416615946,10,6.910529519,2.547474133
R008,40.697405,-73.836354,1,10,9.056193114,9.415908192,9.576177285,7.535417491,3.13692125
R009,40.700536,-73.828382,1,9.558465511,9.638140907,10,9.598303209,6.680191811,3.091479159
R010,40.757303,-73.989787,1,8.058973002,9.470195871,9.475436739,10,6.778295394,2.920063526
R011,40.757303,-73.989787,1,9.459875133,9.50966956,9.863560225,10,7.515456068,2.355261154
R012,40.752247,-73.993456,1,9.090278466,9.428079477,9.655286889,10,7.168045783,1.812952136
R013,40.752247,-73.993456,1,9.1469054,9.472155646,9.995770478,10,7.193712111,1.839983082
R014,40.709938,-74.007983,1,9.084603543,9.562888923,9.826911819,10,6.924806487,2.074434639
R015,40.760179,-73.975196,1,9.270618659,9.903322061,9.984603143,10,7.153013726,1.663139049
R016,40.75753,-73.969102,1,9.334584625,9.857515913,10,8.701485229,6.909417333,2.255916435
R017,40.75753,-73.969102,1,9.11129935,9.792255332,10,9.93274845,6.954621086,1.750657994
R018,40.746655,-73.891361,1,9.28808124,10,9.23757349,8.19615179,5.774184928,4.321485836
R019,40.712622,-73.783815,1,9.467045069,9.722085734,9.918036259,10,6.949423924,2.350686208
R020,40.758652,-73.981311,1,9.399399571,9.954967834,10,9.668563259,7.010893495,1.666476054
R021,40.754198,-73.984573,1,9.084990677,9.699813549,9.805857676,10,6.485860783,2.073725917
R022,40.749533,-73.987899,1,8.830418308,9.539861497,9.633434753,10,6.842364624,2.463237078
R023,40.749533,-73.987899,1,9.206181313,9.872160202,9.969701577,10,7.284870336,2.455106207
R024,40.700488,-73.807933,1,9.576953652,9.861576746,9.852866969,10,6.598831784,2.657657346
R025,40.702131,-73.80111,1,9.226926432,10,9.912241931,8.531317243,5.789531841,2.768246583
R027,40.706864,-74.009056,1,8.954415547,9.545370106,10,9.831523292,5.674907116,1.178765362
R028,40.709938,-74.007983,1,8.843389971,9.730708661,9.669539992,10,6.977372565,1.845544965
R029,40.712557,-74.009807,1,8.912780865,10,9.888560039,9.632519932,5.931082387,1.555568978
R030,40.715436,-74.009335,1,7.950715859,10,9.064977974,9.896751101,5.267896476,2.134085903
R031,40.750329,-73.991096,1,8.12590227,9.17870423,9.338160024,10,6.768362571,2.973708386
R032,40.755905,-73.986504,1,9.212940139,9.250186571,10,9.822112667,6.605282797,2.262104525
R033,40.755905,-73.986504,1,8.828777993,9.587771116,9.682198907,10,5.789234703,2.955210721
R034,40.815596,-73.958395,1,8.951026856,10,9.818325434,9.939968404,4.268562401,3.153238547
R035,40.840778,-73.940091,1,9.016460316,9.597115866,10,9.789379518,6.521219495,2.146496815
R036,40.860523,-73.925575,1,8.166887637,9.727046735,9.783725555,10,5.547729533,3.462545575
R037,40.864653,-73.918719,1,8.923125493,10,8.174427782,6.68839779,2.977584846,2.855406472
R038,40.869359,-73.915329,1,8.008733624,9.679039301,9.076419214,10,6.076419214,1.124454148
R039,40.874551,-73.909879,1,8.628330996,9.585553997,9.171107994,10,6.402524544,2.154978962
R040,40.878867,-73.904858,1,8.303005352,9.219431865,9.375051462,10,7.092630712,2.39687114
R041,40.704782,-74.014099,1,9.350056004,9.82119908,9.821729647,10,6.303012439,1.605906974
R042,40.704782,-74.014099,1,8.591101406,9.991401665,9.378463218,10,6.16391429,2.708611983
R043,40.707466,-74.011867,1,9.054785021,10,9.522191401,9.63592233,6.69001387,1.720527046
R044,40.713159,-74.003917,1.125722088,8.94979519,10,8.082029199,9.555718937,4.924797815,1
R045,40.751849,-73.976945,1,9.265306122,10,5.959183673,8.255102041,3.846938776,4.030612245
R046,40.751849,-73.976945,1,9.619920579,9.940597291,9.82015993,10,7.176739379,2.074307784
R047,40.751849,-73.976945,1,9.261578404,9.83543173,9.978643812,10,7.224951844,2.060774406
R048,40.751849,-73.976945,1,9.23768774,9.834177436,9.770520433,10,7.00969263,1.881767377
R049,40.757108,-73.97187,1,9.12113064,9.759181532,10,8.867917104,6.697599685,1.973898216
R050,40.762796,-73.967686,1,8.559856605,9.371668598,9.638253187,10,7.005323001,2.230590962
R051,40.762796,-73.967686,1,8.903956208,9.694451356,9.486937049,10,6.626275193,2.294849465
R052,40.885973,-73.878851,1,6.625,10,9.934087883,9.931091877,5.864014647,3.312916112
R053,40.816132,-73.917754,1,8.357409022,10,9.753468643,9.856933323,7.224649171,2.938714025
R054,40.753824,-73.981966,1,9.570551181,10,9.842677165,9.940472441,6.910944882,2.075748031
R055,40.759578,-73.830056,1,9.502074689,9.671369295,9.704782704,10,7.091067919,3.472854335
R056,40.688269,-73.980453,1,8.896399457,9.567425272,9.497877038,10,6.782438859,3.295091712
R057,40.684063,-73.977417,1,10,9.7059579,9.868343566,9.491699035,6.604842752,3.438604185
R058,40.680801,-73.975132,1,7.300893744,8.056107249,7.560079444,10,5.272095333,3.493545184
R059,40.675219,-73.971012,1,7.559034327,8.183704263,7.973217654,10,4.248962656,2.106752169
R060,40.672013,-73.96436,1,7.859786876,9.040942232,10,9.95961862,5.002804262,1
R061,40.669735,-73.950455,1,9.344918033,9.793442623,8.990819672,10,5.479344262,2.729180328
R062,40.669279,-73.932967,1,8.571194298,9.258065533,10,9.673594248,6.435365354,2.281497367
R063,40.664591,-73.922668,1,9.530774801,9.779352436,10,9.993482983,5.133650564,3.213923658
R064,40.661466,-73.916316,1,9.061611374,9.870099095,9.406721241,10,4.494722103,2.966932357
R065,40.662541,-73.908763,1,8.452433024,9.910196829,9.664160744,10,5.295790049,2.868644068
R066,40.663419,-73.902454,1,10,9.926924326,9.754465736,9.815849302,5.77330302,2.028905489
R067,40.664884,-73.894258,1,8.563754889,9.28422425,8.092046936,10,5.918904824,2.898565841
R068,40.665405,-73.889451,1,1.836312238,2.115356557,2.034652562,2.178825461,10,1.390114901
R069,40.666252,-73.884087,1,8.625203441,9.868170193,10,9.403627063,4.886886771,2.748314346
R070,40.643738,-74.073622,1,9.23800457,9.896039604,9.989718203,10,7.058263519,1.588347296
R072,#N/A,#N/A,1,8.97618472,9.732894101,9.862367021,10,7.133099613,2.444330271
R079,40.764909,-73.973372,1,8.689123071,9.273767407,9.493263079,10,6.330222055,2.183515243
R080,40.764755,-73.980646,1,8.298794105,9.513175525,9.790531487,10,6.049575703,2.755247879
R081,40.760139,-73.984112,1,8.916350693,9.925481699,9.840516908,10,6.771337925,1.89213031
R082,40.745574,-73.988682,1,8.952765999,9.788778227,10,9.781678335,7.450251454,2.92762055
R083,40.741006,-73.989315,1,8.518337408,9.380195599,8.526589242,10,6.147310513,2.877750611
R084,40.76811,-73.981891,1,8.405633932,9.242727816,9.491912136,10,5.351936951,2.000459538
R085,40.730348,-73.992705,1,6.662006579,8.460526316,7.498355263,10,3.972861842,2.366776316
R086,40.724332,-73.997684,1,5.368191721,8.05664488,8.37037037,10,5.433551198,4.165577342
R087,40.713086,-74.007232,1,9.277125411,10,9.017144199,9.486378581,5.652184124,1.982855801
R088,40.710662,-74.011052,1,8.666314343,9.378818307,10,9.744107388,6.728569919,2.320367826
R089,40.692182,-73.985935,1,9.64028777,10,9.517985612,9.082733813,7.212230216,3.100719424
R090,40.753076,-73.93271,1,7.842342342,9.22972973,9.603603604,10,6.790540541,2.504504505
R091,40.756977,-73.929373,1,8.884318056,10,9.914273882,9.914273882,6.633075649,3.331998896
R092,40.761959,-73.925382,1,8.201791243,9.733303848,10,9.203892083,6.69714728,3.628151261
R093,40.766843,-73.921423,1,7.659375664,9.711403695,9.736886812,10,6.178806541,2.664047568
R094,40.770426,-73.917614,1,8.455992509,9.470037453,9.260299625,10,6.047752809,2.769662921
R095,40.774984,-73.912067,1,8.774912004,9.800643282,9.53192135,10,5.64692317,2.482886273
R096,40.747647,-73.883786,1,9.955032638,9.978241599,9.350511725,10,6.797888629,3.041663309
R097,40.749143,-73.869452,1,8.379793932,9.342644533,9.704808243,10,4.49129937,9.378706354
R098,40.650494,-73.962836,1,8.437235749,9.175535792,9.111240706,10,5.976089809,2.266219566
R099,40.690612,-73.981848,1,6.045884924,8.728332119,8.982520029,10,5.388929352,2.418062637
R100,40.711353,-73.88958,1,8.895407179,9.524121961,10,9.704747202,6.844268622,2.319953686
R101,40.824787,-73.944232,1,7.748841467,8.915098118,9.097373992,10,3.992619715,4.089421592
R102,40.811056,-73.952386,1,8.861896257,9.958766889,9.751203603,10,6.5954729,3.996039758
R103,40.678848,-73.904139,1,7.682463162,9.268146262,9.083954884,10,4.582317628,3.123521921
R104,40.833773,-73.91843,1,7.881512071,8.13452986,9.543996188,10,5.808767471,3.458703939
R105,40.738007,-73.998381,1,7.89468196,9.925964546,9.959332638,10,4.818561001,2.540145985
R106,40.834255,-73.851222,1,8.998161976,9.390005744,9.800459506,10,6.11774842,3.065709362
R107,40.839892,-73.842952,1,9.355521936,9.986384266,9.933736762,10,6.76580938,3.019667171
R108,40.692404,-73.990151,1,8.795445877,9.696544359,9.165840262,10,6.370890228,2.274582348
R109,40.650843,-73.949575,1,9.14516129,9.624423963,9.115207373,10,7.585253456,2.961981567
R110,40.632836,-73.947642,1,9.881068369,9.67394591,9.841760457,10,6.466319503,2.375272972
R111,40.745924,-73.998005,1,8.589735634,9.245438749,10,9.967047288,6.75946382,2.136589301
R112,40.862803,-73.901034,1,8.754906654,8.189803734,9.570607946,10,6.282671135,3.454284347
R113,40.762877,-73.98159,1,8.53453596,9.462378353,9.649655827,10,6.364823166,1.610253976
R114,40.707564,-73.803326,1,9.041509434,9.533018868,10,9.999056604,6.421698113,2.227358491
R115,40.710459,-73.7936,1,9.371308017,9.642194093,10,9.929113924,6.411814346,2.824472574
R116,40.761675,-73.983908,1,8.569794645,9.574213673,9.734858331,10,6.07668313,1.872628022
R117,40.889185,-73.898549,1,8.713249127,9.818597151,9.632356893,10,6.281241602,3.026874496
R118,40.718233,-74.000323,1,9.876913656,9.553582364,10,9.9044703,7.642988365,2.37966932
R119,40.862941,-73.901199,1,8.530239635,9.4511221,10,9.932674021,6.138455687,4.689235451
R120,40.829495,-73.874559,1,7.619037808,9.436283095,10,9.472442567,5.777686206,3.026784794
R121,40.750508,-73.940177,1,7.714668709,8.848716967,9.315204902,10,6.100344696,3.297970126
R122,40.748541,-73.876791,1,8.825217305,9.911991308,9.810203477,10,7.629988147,3.149990122
R123,40.670711,-73.958051,1,7.656722689,6.141596639,8.278151261,10,5.508823529,2.734453782
R124,40.669409,-73.942173,2.495917256,8.917256396,9.792596625,9.487207403,10,7.558519325,1
R125,40.706539,-74.011052,1.043881724,9.340358603,9.801824473,10,9.841459578,6.925448254,1
R126,40.847369,-73.939683,1,8.188351799,9.219041082,9.281694284,10,6.527600745,2.2301206
R127,40.692338,-73.987342,1,9.423979336,9.99580254,9.971263543,10,7.03433307,2.45232116
R128,40.705416,-73.810562,1,9.191240621,9.778572675,10,9.472343396,7.201535509,2.670912581
R129,40.686154,-73.990881,1,7.968183547,8.813537837,8.907085816,10,6.798833819,2.610850551
R130,40.603234,-73.972342,1,9.813138526,10,9.668790509,9.869493574,8.246072723,1.067230583
R131,40.740088,-73.986429,1,9.265540607,9.604487872,9.916478444,10,7.213296671,2.241775508
R132,40.804406,-73.937452,1,9.727488386,10,9.37402392,9.02322823,6.937135514,3.062370268
R133,40.87963,-73.884666,1,8.555501103,9.735358981,9.769541779,10,6.569590787,2.826023034
R134,40.74238,-73.948889,1,9.273618859,9.962749685,10,9.728720533,6.724401656,2.017095555
R135,40.639961,-73.948352,1,8.570838898,9.534539274,10,9.93334952,6.6773097,2.691392497
R136,40.58681,-73.954167,1,9.316870762,10,9.061380427,9.931231657,6.734186823,2.307509361
R137,40.699707,-73.91181,1,8.179955457,8.901057906,9.799554566,10,6.16798441,3.489532294
R138,40.732251,-74.000559,1,4.87461742,8.115215023,7.711832754,10,3.797530736,1.458473829
R139,40.720852,-74.005237,1,8.220544013,8.949425916,9.384294697,10,6.497061236,2.113928376
R140,40.748948,-73.937194,1,8.323558484,9.473146623,9.641186161,10,5.913673806,2.759472817
R141,40.721681,-73.84439,1,9.145368466,9.67868369,9.419185843,10,6.761690403,2.359307695
R142,40.71838,-73.987813,1,7.859737639,8.849214358,9.1065302,10,6.62764884,3.399740522
R143,40.743095,-73.984251,1,9.079825258,9.627084988,10,9.993645751,7.021048451,2.009531374
R144,40.785822,-73.95097,1,9.214307787,9.96894314,10,9.894777503,6.923053152,1.907601978
R145,40.903085,-73.850591,1,9.523561625,9.264349943,10,9.917246975,5.774119397,1.039551078
R146,40.820889,-73.890567,1,8.962101837,9.444780284,9.093931644,10,6.331085794,2.157172751
R147,40.745623,-73.902969,1,8.824746975,10,9.010349288,9.790426908,5.860588996,5.011338559
R148,40.655053,-73.961227,1,7.671962408,8.511747595,8.978966212,10,3.158872231,1.857910047
R149,40.635059,-73.962793,1,8.722331185,10,8.903054077,9.968898851,5.423928271,1.753992715
R150,40.599307,-73.955916,1,9.157020267,10,9.6467044,9.14880409,5.569837502,1.456819427
R151,40.577423,-73.981225,6.745121271,7.930025091,8.516517982,7.026136047,10,1,5.717660998
R152,40.64666,-73.901832,1,8.740850059,9.351829988,9.709784534,10,7.670306966,3.326372491
R153,40.679279,-73.930585,1,8.796350423,9.966585038,8.325697132,10,4.605972036,2.965795086
R154,40.850307,-73.905244,1,9.116746699,9.909063625,10,9.31392557,5.734093637,3.470588235
R155,40.866974,-73.893485,1,8.577052459,9.504954996,9.49104464,10,6.517501591,2.506409674
R156,40.873026,-73.886919,1,8.532297529,9.26119403,9.330560313,10,6.373134328,2.107658429
R157,40.874827,-73.878872,1,8.889013841,9.693252595,9.758650519,10,6.484083045,2.62482699
R158,40.714444,-73.830979,1,8.205470027,9.824804335,9.987615034,10,7.419024684,1.98563688
R159,40.80819,-73.964124,1,8.649074709,9.606751199,9.49263194,10,6.209389993,1.481151474
R160,40.730056,-73.991042,1,7.022861436,8.71525169,8.902651068,10,6.193087904,2.953203821
R161,40.867899,-73.897326,1,9.110359451,9.143982229,10,9.640145396,6.177907916,2.862883683
R162,40.828894,-73.879559,1,9.160216308,9.51044428,9.829180363,10,6.64563673,3.288410561
R163,40.737348,-73.9969,1,8.629838553,9.409453414,9.53258121,10,6.928224081,2.546391753
R164,40.773424,-73.982234,1,8.806417112,9.82451666,9.811188811,10,7.60987248,2.579350062
R165,40.636948,-74.074824,1,6.321944809,8.947437582,9.124835742,10,6.641261498,2.159001314
R166,40.783872,-73.979938,1,8.329915031,9.516554351,8.865221213,10,7.111631995,3.092880164
R167,40.788844,-73.97599,1,8.630023565,9.730590408,9.844659576,10,7.112731673,2.348767594
R168,40.79388,-73.972363,1,8.357103862,9.340077794,9.264842364,10,6.482666849,1.781220145
R169,40.821994,-73.953674,1,7.632152289,8.99977993,9.576144366,10,5.637654049,3.714458627
R170,40.734836,-73.990688,1,8.224282069,9.449744856,10,8.941629119,6.644481841,3.377761794
R171,40.677172,-73.972514,1,7.121648136,8.310660562,9.423152387,10,5.594179202,2.003597122
R172,40.577961,-73.961806,5.000156666,7.508538305,8.857903807,6.391822027,10,2.133636221,1
R173,40.868045,-73.919921,1,9.4838215,9.908909676,9.777794817,10,7.096150897,3.978377549
R174,40.851686,-73.937967,1,8.260718789,9.689785624,9.651954603,10,6.416456494,2.290037831
R175,40.740388,-74.002104,1,8.266272189,9.343195266,9.460880999,10,6.685075608,2.429980276
R176,40.746119,-73.981826,1,9.125459388,9.563336593,10,9.821875316,6.958225159,1.994403048
R177,40.768143,-73.964016,1,9.29961323,9.915677514,10,9.781841824,6.436549747,1.901140304
R178,40.773636,-73.959875,1,9.283692704,9.928224269,10,9.935474343,7.343089606,2.127869821
R179,40.779485,-73.955541,1,8.663341091,9.734088839,9.563796418,10,6.848224223,2.304239603
R180,40.790582,-73.947473,1,8.931573276,9.832974138,9.674030172,10,6.43049569,2.52424569
R181,40.795066,-73.944297,1,8.625009819,9.552509622,9.604822873,10,6.485822009,2.963160789
R182,40.798574,-73.941593,1,8.727775415,9.108039132,9.564866014,10,6.86984262,3.220331774
R183,40.873399,-73.890084,1,8.21577381,9.87797619,9.412202381,10,5.742559524,3.21875
R184,40.640905,-73.963866,1,7.496982995,9.089138782,8.200493692,10,3.962150302,1.565277016
R185,40.865286,-73.92698,1,7.402439024,9.428705441,9.051594747,10,5.930581614,1.959662289
R186,40.785822,-73.968952,1,8.497915107,9.702662247,9.745001604,10,6.361702128,1.810221319
R187,40.781435,-73.972149,1,8.316775244,9.228013029,8.620928339,10,5.835912052,1.508143322
R188,40.762439,-73.985989,1,7.434449524,9.289385889,8.467564562,10,5.23477079,2.332262449
R189,40.733405,-74.002898,3.285667107,4.486459709,5.155217966,7.66677675,10,2.239431968,1
R190,40.744071,-73.995624,1,8.530418978,9.566960015,9.902716663,10,5.944231873,3.414004209
R191,40.799354,-73.968329,1,8.44419004,9.456496852,9.699914139,10,6.914138523,2.765741271
R192,40.804032,-73.966742,1,8.160028653,9.013610315,9.173495702,10,5.906160458,2.362893983
R193,40.833879,-73.944726,1,8.757895907,9.392459964,8.927046263,10,6.066503559,3.297041815
R194,40.725665,-73.995645,1,7.928422928,9.545589546,9.429313929,10,5.64968815,2.778883279
R195,40.827888,-73.925736,1,8.739612188,9.586703601,9.555124654,10,5.856509695,2.665373961
R196,40.661596,-73.962193,1,7.583663131,8.535380719,8.444198195,10,3.611524458,1.163843597
R197,40.65515,-74.003477,1,8.786921192,9.666838643,9.897265575,10,6.822778279,2.707016639
R198,40.68041,-73.950326,1,8.212087626,9.013626288,9.166188551,10,5.651388708,2.965706089
R199,40.679921,-73.940858,1,8.033100329,8.837993421,8.950863487,10,4.759868421,3.225945724
R200,40.675382,-73.87207,1,8.768053016,9.91773309,9.563985375,10,5.664533821,2.804730347
R201,40.73308,-73.869259,1,9.100907775,9.395342718,9.615576898,10,7.118010788,2.762662808
R202,40.729869,-73.86161,1,9.379798809,9.897146377,8.5828372,10,7.040648737,1.439129542
R203,40.742868,-73.99277,1,8.922730505,9.657264755,9.849253378,10,7.091727898,2.478312396
R204,40.644039,-73.979541,1,9.134652613,9.920628092,10,8.567433857,1.052269305,2.870079587
R205,40.818429,-73.926927,1,8.830825688,9.569981651,9.638018349,10,6.556550459,3.397798165
R206,40.808076,-73.945906,1,8.985276562,10,8.662952646,9.782729805,6.825706327,4.100278552
R207,40.814459,-73.940992,1,8.69517601,9.186440678,9.49934811,10,5.327509778,3.301434159
R208,40.749858,-73.862672,1,9.383674717,9.81519413,9.739070621,10,8.075359217,2.779043106
R209,40.662752,-73.950605,1,8.771875,9.009375,9.4546875,10,6.784375,2.690625
R210,40.645089,-73.948975,1,8.813684834,9.173578199,9.75207346,10,6.614336493,2.615521327
R211,40.608691,-73.957772,1,9.106341336,9.774921712,9.63243737,10,4.276748434,1.124478079
R212,40.641426,-74.017972,1,9.664908257,9.508715596,9.429587156,10,6.235550459,2.31146789
R213,40.634945,-74.023411,1,9.836337984,9.76861577,10,9.140774416,5.074619846,2.063803104
R214,40.629702,-74.025514,1,8.974947368,9.535789474,10,9.691157895,6.466315789,2.585894737
R215,40.622715,-74.028368,1,8.639829541,9.553458641,9.67673693,10,6.697511605,2.54851229
R216,40.616624,-74.030964,1,9.25513379,9.745177349,10,9.862787803,6.149657747,2.085096453
R217,40.688465,-73.985474,1,8.853656498,9.661512746,9.314751358,10,7.084496448,3.081320518
R218,40.742445,-73.882005,1,10,9.934965035,9.574125874,8.338461538,8.304895105,2.68986014
R219,40.726462,-73.85263,1,9.288355148,9.871272433,9.20698961,10,6.73201997,1.869518284
R220,40.680231,-73.99498,1,8.209357876,9.33609667,9.30195307,10,6.872699171,2.530139104
R221,40.835535,-73.92138,1,8.916333725,9.969682726,9.835722679,10,6.098942421,3.361222092
R222,40.833246,-73.860805,1,9.364835464,9.636932282,10,9.873130269,6.244492793,2.401686157
R223,40.743079,-73.918419,1,9.312875976,9.866952515,9.746576219,10,7.154166133,2.809676181
R224,40.697356,-73.992888,1,7.806472919,9.114266843,8.638705416,10,1.297225892,2.37318362
R225,40.690547,-73.985066,1,7.898932384,8.872597865,9.111743772,10,7.098220641,3.320996441
R226,40.877796,-73.866341,1,8.745746511,9.872682088,10,9.526859109,6.170139553,2.66889696
R227,40.707222,-74.013391,1,8.891698736,9.878779549,9.846619021,10,6.259483233,1.437877955
R228,40.625028,-73.960819,1.394596988,8.367803366,10,9.428033658,9.894375554,5.143268379,1
R229,40.617568,-73.95936,2.713136729,9.086822025,9.214889668,9.24273046,10,5.387708806,1
R230,40.595234,-73.95509,1,8.919682259,10,9.311562224,9.798764342,6.414827891,1.256840247
R231,40.677302,-73.983135,1,8.19729425,9.286358512,10,9.864712514,6.474069899,3.208568207
R232,40.648866,-74.010086,1,8.805954198,8.700152672,9.774656489,10,5.640152672,3.667022901
R233,40.644959,-74.014034,1,9.366970297,10,9.40760396,9.110336634,6.044277228,3.006019802
R234,40.636232,-73.994765,2.263433638,9.194787749,10,9.633664696,9.831945191,6.624395486,1
R235,40.717241,-73.956614,1,5.194062789,7.656296718,8.188723571,10,3.675589094,3.795401153
R236,40.703839,-73.91844,1,8.428967254,9.3697733,8.391561713,10,6.588161209,3.186523929
R237,40.856085,-73.900695,1,8.151576511,9.354353486,9.890656639,10,6.248481342,2.463118311
R238,40.756864,-73.920736,1,8.80003978,9.674202745,9.337068223,10,6.991447325,3.068156202
R239,40.731324,-73.954425,1,8.748763932,9.475823347,9.52258443,10,7.190563982,2.761836923
R240,40.718542,-73.994164,1,9.029185952,9.552082766,9.151211544,10,6.476449769,3.06757419
R241,40.660376,-73.979509,1,7.34169279,8.664576803,10,9.554858934,5.263322884,2.887147335
R242,40.629881,-73.977149,1,9.513633669,9.846176645,9.885299348,10,8.059869591,1.012448133
R243,40.840048,-73.917775,1,8.527937389,9.888547652,9.893005746,10,6.380919358,3.46978403
R244,40.85339,-73.907733,1,8.739559819,9.810383747,9.751128668,10,5.862302483,3.744356659
R245,40.8315,-73.867623,1,8.837218491,10,9.953773212,9.896878704,5.823587515,3.40023706
R246,40.665438,-73.992856,1,8.796919566,9.604677695,10,9.835710211,6.748431261,2.663434113
R247,40.631412,-73.995473,2.795584628,8.989370401,9.028618152,9.310711365,10,6.612428455,1
R248,40.730901,-73.981719,1,7.429974211,9.078754215,9.335399722,10,6.310553462,2.520680421
R249,40.71459,-73.944104,1,8.519113573,8.279778393,9.594875346,10,6.734072022,2.485872576
R250,40.711874,-73.94067,1,9.104443967,10,9.584585659,8.897702877,7.33072134,2.555388579
R251,40.791654,-73.964682,1,8.917356928,9.167262801,9.66622741,10,6.666509789,1.814100151
R252,40.699316,-73.990474,1,7.133757962,7.768917197,8.940636943,10,2.002038217,2.453757962
R253,40.845892,-73.910136,1,8.400966913,9.521377852,9.022359873,10,6.374981115,2.758120562
R254,40.736998,-73.877242,1,9.247243628,9.761529342,10,9.893301719,7.20503853,2.345465323
R255,40.709174,-73.820593,1,9.057741117,10,8.067893401,9.834390863,6.676395939,2.212563452
R256,40.724608,-73.951271,1,8.130979499,9.139806378,9.562642369,10,6.88809795,2.506833713
R257,40.713647,-73.990152,1,9.040099558,9.345409292,9.511338496,10,6.479811947,2.30005531
R258,40.67032,-73.988757,1,8.535491905,9.310709838,9.411581569,10,6.762764633,2.365504359
R259,40.759123,-73.953266,1,7.824931256,9.179193401,9.223189734,10,5.460128323,2.62923923
R260,40.849495,-73.933632,1,8.719112805,9.985444464,9.548258534,10,6.221278808,3.010743372
R261,40.743778,-73.923998,1,9.199145895,9.891755273,8.395154262,10,7.091511243,2.352274708
R262,40.643982,-73.96451,1,9.428185198,9.124028388,8.527881041,10,5.270361609,2.660696181
R263,40.629164,-73.961678,1,9.013537118,9.379039301,9.563755459,10,4.434934498,1.687772926
R264,40.576298,-73.968523,5.866933467,9.531765883,9.941470735,8.311655828,10,1,2.449724862
R265,40.707889,-73.940005,1,7.985697019,5.862610798,8.243150685,10,5.935132957,3.995165189
R266,40.695607,-73.904021,1,8.803385417,9.537760417,9.760416667,10,6.647135417,2.790364583
R267,40.756312,-73.913333,1,8.113082538,8.588096575,9.807973049,10,7.184278495,2.376530039
R268,40.713875,-73.951592,1,7.484391819,9.015069968,9.002152853,10,2.986006459,3.305705059
R269,40.689636,-73.953459,1,8.387048193,9.260542169,9.44126506,10,5.78313253,2.475903614
R270,40.673714,-73.996139,1,9.100142834,10,9.965719727,9.872877321,6.981907634,2.565465799
R271,40.589547,-73.974295,1,9.353948946,9.836559877,10,9.995374336,7.975501114,1.040089087
R272,40.747224,-73.99336,1,9.070091168,9.722968336,9.955886678,10,7.32761494,2.511322419
R273,40.826426,-73.950412,1,8.363207547,9.952830189,9.555424528,10,5.301886792,3.281839623
R274,40.855176,-73.929384,1,4.612332287,5.704253497,4.370825007,10,8.607479303,2.130459606
R275,40.858389,-73.903828,1,8.381000505,10,9.931783729,9.593734209,5.770591208,3.505811016
R276,40.742624,-73.953545,1,7.80997536,9.070633913,8.084148436,10,5.031956992,3.245128052
R277,40.667879,-73.950648,1,8.391761364,9.488636364,9.414488636,10,6.801420455,3.063352273
R278,40.660481,-73.998059,1,8.80866426,9.465703971,9.151624549,10,6.653429603,2.732851986
R279,40.706636,-73.922925,1,8.165755054,9.210225922,8.745778835,10,5.697978597,2.733650416
R280,40.859022,-73.93419,1,8.775634518,9.415228426,9.607106599,10,5.577664975,2.050761421
R281,40.775545,-73.976398,1.359716758,8.258064516,9.180015736,9.602045633,10,5.606923682,1
R282,40.726202,-74.003627,1,8.337931034,9.484482759,9.701724138,10,6.427586207,1.732758621
R283,40.68617,-73.973908,1,6.264054514,7.72572402,7.38330494,10,3.279386712,3.954003407
R284,40.683263,-73.965838,1,7.966367713,8.921524664,9.468609865,10,5.789237668,2.450672646
R285,40.603983,-73.755383,1,8.664625,9.409375,9.928,10,6.18175,2.798875
R286,40.694568,-73.949046,1,8.015949312,8.830019664,9.201660476,10,6.425169325,1.9812104
R287,40.688855,-73.960025,1,7.884764291,8.862445912,9.057162378,10,5.40059212,1.977681621
R288,40.666276,-73.980324,1,9.064,9.723647059,9.752235294,10,7.010941176,2.215529412
R289,40.650722,-73.975818,1,7.605504587,9.118283093,9.174311927,10,6.517365662,2.161861075
R290,40.728202,-74.005344,1,8.804907604,9.59921236,9.887306877,10,7.318994244,2.075128749
R291,40.744558,-73.930993,1,9.960609244,10,9.521008403,9.043592437,7.108718487,1.472689076
R292,40.878656,-73.838596,1,9.051383399,10,9.398221344,8.96541502,6.101778656,2.200592885
R293,40.750264,-73.992984,1,9.169662046,9.52932565,9.666126772,10,7.625603489,2.04226756
R294,40.706148,-73.93316,1,8.318364074,9.269246191,9.391940658,10,6.375100241,3.504410585
R295,40.688676,-73.903999,1,8.64456308,9.190783928,9.524585558,10,5.301489182,2.985108176
R296,40.835957,-73.939898,1,8.083793942,9.524430688,9.613973027,10,6.221313288,3.139066991
R297,40.681159,-73.956056,1,8.491358025,9.681481481,10,8.777777778,5.27654321,2.972839506
R298,40.752898,-73.905973,1,9.292590888,9.691026231,9.736585366,10,7.64997699,2.134008283
R299,40.7061,-73.950348,1,7.704274702,8.229852838,8.301331465,10,5.92571829,1.82620883
R300,40.723291,-73.989873,1,7.59213164,8.582943535,9.158035416,10,5.747327097,3.192114935
R301,40.699756,-73.98689,1,8.115804657,8.801050896,10,9.893364929,7.090253451,2.816505254
R302,40.763625,-73.977449,1,8.777297562,9.709369649,10,9.955231183,6.855908016,2.459023078
R303,40.7541,-73.94258,1,8.223452769,8.944039088,9.107035831,10,6.937068404,2.54495114
R304,40.70784,-74.013691,1,8.234812794,9.069427225,10,9.685345896,6.795437639,2.490701711
R305,40.710454,-74.011324,1,8.847198051,9.721197355,10,9.60372433,6.832927254,2.979812043
R306,40.884821,-73.900759,1,7.946125908,9.760290557,9.56688862,10,7.047215496,1.738196126
R307,40.813208,-73.929877,1,9.901721966,9.950860983,9.720285594,10,6.666106678,2.806803864
R308,40.844406,-73.914621,1.678385773,9.278522572,10,9.774692202,9.940902873,6.255950752,1
R309,40.848635,-73.912497,1,9.048389631,9.758208955,9.949096622,10,5.601099764,3.669599372
R310,40.75176,-73.855183,1,8.537151703,9.450851393,8.553405573,10,7.042376161,3.164667183
R311,40.720315,-73.994014,1,8.313579655,9.075815739,9.20537428,10,7.845009597,1.654270633
R312,40.576152,-73.975925,2.497126437,8.060344828,8.75862069,6.33908046,10,2.24137931,1
R313,40.682558,-73.905501,1,7.501639344,10,8.97704918,9.754098361,4.895081967,2.785245902
R314,40.796105,-73.961399,1.328200972,8.378444084,9.418962723,9.491896272,10,6.185575365,1
R315,40.829934,-73.938632,1,9.025611176,9.541618161,9.947613504,10,6.636786962,3.137369034
R316,40.700374,-73.950284,2.024615385,8.732669683,8.302624434,9.379366516,10,6.707873303,1
R317,40.688123,-73.966742,1,7.610084034,8.094117647,8.505546218,10,7.195630252,2.654789916
R318,40.68713,-73.975346,1,7.484446478,8.489021043,8.655763952,10,5.485590119,3.293229643
R319,40.764763,-73.966291,1,8.672888641,9.60741861,9.726697445,10,6.936718937,2.007959882
R320,40.722819,-74.006267,1,8.294344092,9.645543382,9.352383773,10,6.817885697,1.975421972
R321,40.741096,-73.997877,1,9.144888287,9.835477319,9.735951253,10,6.900473934,2.509140149
R322,40.722397,-73.997211,1,7.124306974,8.633060986,9.973737963,10,6.318062445,3.102276043
R323,40.79911,-73.951807,1,8.669435216,9.605315615,9.171760797,10,3.030232558,2.678903654
R324,40.802098,-73.949625,1,8.890611326,9.711963995,9.913364171,10,6.522190274,3.361670209
R325,40.826508,-73.886425,1,9.092356688,9.910828025,9.461783439,10,5.834394904,3.031847134
R326,40.83646,-73.846471,1,9.5,9.867567568,9.805405405,10,6.910810811,2.897297297
R327,40.744103,-73.912497,1,9.00385575,9.632569744,9.553980494,10,7.383080064,2.078816058
R328,40.754622,-73.845625,9.919767442,6.794186047,8.71627907,6.752325581,10,1,8.147674419
R329,40.854137,-73.860977,1,8.452501583,10,9.76060798,9.89740342,7.797023433,4.394236859
R330,40.733243,-73.987169,1,8.707780879,9.571353803,9.929344033,10,6.3431612,2.571702722
R331,40.830551,-73.941486,1,8.829787234,9.425531915,9.621276596,10,6.331914894,3.323404255
R332,40.817902,-73.947644,1,9.054535017,9.745120551,9.814006889,10,7.530424799,2.64293915
R333,40.805072,-73.954833,1,8.165829934,9.535456542,9.229055538,10,7.366645748,2.481173517
R334,40.800637,-73.958201,1,8.233073697,9.155182744,9.272019173,10,6.122828041,2.242061114
R335,40.590867,-73.797011,10,5.35793971,6.231663897,4.415855685,7.141704249,1,4.362449561
R336,40.592334,-73.788493,1,8.814839572,7.948529412,7.509358289,10,1.198529412,1.655748663
R337,40.593214,-73.776433,1,8.732532751,9.88209607,10,9.76419214,2.562227074,2.915938865
R338,40.595381,-73.768194,2.011033099,7.643931795,10,7.779338014,9.313941825,1,1.803410231
R339,40.75202,-73.92874,1,8.51947297,9.511722534,10,9.95465995,6.930827359,2.06897888
R340,40.749663,-73.898485,1,9.190640055,9.582931865,9.772883689,10,7.051617343,2.323468685
R341,40.718477,-73.837223,1,8.982402112,9.706995161,10,8.641882974,7.564892213,2.330400352
R342,40.702566,-73.816859,1,9.102922078,9.520779221,10,9.61038961,6.869480519,2.325649351
R343,40.719323,-74.006953,1,8.844572665,9.798773891,9.879913451,10,7.124413992,1.554994591
R344,40.820402,-73.936315,1,8.602533883,9.583677077,9.260164997,10,7.419858574,1.304949912
R345,40.823877,-73.936443,1,9.067413793,9.675689655,9.865,10,7.531206897,1.285517241
R346,40.747029,-73.94537,1,9.167282547,9.44229676,9.256822058,10,6.675525867,3.242325185
R347,40.746325,-73.896403,1,9.515393842,9.572970812,9.506997201,10,8.072371052,2.588164734
R348,40.675496,-73.902819,1,9.20503212,9.007494647,10,9.031584582,6.386509636,2.079229122
R349,40.669376,-73.902047,1,9.028625954,9.715648855,10,9.998091603,5.595419847,2.517175573
R350,40.663801,-73.900444,1,8.562906481,9.035209688,10,9.319802646,6.812962548,2.911415115
R352,40.706994,-73.953481,1,7.355322339,8.792353823,8.772113943,10,6.046476762,2.744002999
R353,40.703855,-73.947387,1,9.21601686,9.917808219,9.767650158,10,6.815068493,1.030031612
R354,40.681745,-73.837631,1,8.677747989,9.502949062,8.002144772,10,6.829490617,2.158176944
R355,40.684364,-73.832181,1,9.127845884,9.892294221,9.663747811,10,7.239054291,2.326619965
R356,40.685975,-73.824713,1,9.225449175,9.926162934,10,9.994831405,6.990401181,2.630322422
R357,40.668234,-73.834058,1,9.473299195,9.341623994,9.598390636,10,5.944403804,2.217995611
R358,40.600138,-73.76152,1,8.741769987,9.69987174,10,9.988456605,4.624625909,3.451047456
R359,40.747257,-73.945112,1,8.279532031,9.829282144,10,9.244547933,7.162199,3.017946388
R360,40.743973,-73.949876,1,7.997203356,9.345585298,9.212544946,10,6.026767879,2.431082701
R361,40.857188,-73.867607,1,9.083652942,10,9.566900644,9.906867357,7.460018815,1.509298792
R362,40.865481,-73.867393,1,9.572072688,10,9.478617297,9.750375734,8.426014483,1.798059844
R363,40.871387,-73.867135,1,9.181997372,9.743758213,9.611695138,10,8.044678055,1.583442838
R364,40.877796,-73.866255,1,9.117807766,8.977729945,9.862902558,10,9.499296299,2.338190248
R365,40.883767,-73.862736,1,9.623599701,10,9.803398058,9.794996266,6.104929052,1.114264376
R366,40.887887,-73.860505,1,8.996700816,10,9.803090814,9.642125369,6.350928981,1.171904845
R367,40.893386,-73.857265,1,9.905474596,9.904293029,9.867664435,10,6.632532493,1.137061835
R368,40.646343,-73.994551,1,9.607398568,9.972553699,9.806682578,10,6.628878282,2.292362768
R369,40.640872,-73.994229,1.543820609,9.280554605,9.750427936,8.13437179,10,7.125299555,1
R370,40.619588,-73.998842,1,9.431323444,9.651512233,10,9.753804662,7.626468888,2.383548449
R371,40.613513,-74.000645,1,8.7027897,9.378755365,9.969420601,10,7.629291845,2.393776824
R372,40.607958,-74.001782,1,9.711403351,9.954602774,10,9.990272023,7.237254549,2.139794632
R373,40.604798,-73.998456,1,9.046610169,9.769179304,10,9.704950937,7.23015165,2.579616414
R374,40.601898,-73.993821,1,9.118359927,9.627348011,9.470107049,10,6.743385175,2.393354878
R375,40.658748,-73.899472,1,8.911053775,9.292368278,9.989000543,10,5.873981532,2.13172189
R376,40.650625,-73.899558,1,9.001459854,10,9.734306569,9.929927007,6.472992701,2.708029197
R377,40.700244,-73.941658,1,9.092555831,9.388833747,9.693300248,10,7.305955335,2.517121588
R378,40.697266,-73.935692,1,5.986118526,9.112653497,9.229578217,10,6.33769354,2.272557395
R379,40.693329,-73.928826,1,8.607786778,9.28978312,9.442644369,10,6.632349099,3.600992945
R380,40.689652,-73.922281,1,8.661319723,9.438935472,9.33722202,10,7.08640175,2.891542107
R381,40.68617,-73.916337,1,8.577039275,9.548640483,9.737160121,10,6.644712991,2.192749245
R382,40.677107,-73.865376,1,9.256805808,9.80982629,10,9.848327716,5.865180192,3.208581799
R383,40.679369,-73.85896,1,9.088747242,10,9.977935769,9.953665114,6.725668056,2.5444962
R384,40.679857,-73.851492,1,9.328737073,10,8.271074898,9.723597618,7.27828267,2.69225948
R385,40.680429,-73.843853,1,9.187313433,9.731343284,10,9.989253731,7.005820896,2.742238806
R386,40.837382,-73.887659,1,9.399283439,9.586783439,9.857882166,10,6.205812102,3.429140127
R387,40.840097,-73.879774,1,9.239422868,10,9.755912345,9.258949881,6.308418312,2.567042742
R388,40.841882,-73.873551,2.856085869,1.417361401,2.801688203,2.738849521,3.412255106,1,10
R389,40.848797,-73.868465,1,9.548980747,9.872593431,9.543884485,10,7.716874292,1.180917327
R390,40.635011,-74.011717,1,10,9.84184257,9.574191536,9.944785276,6.282832484,1.935842778
R391,40.631428,-74.005387,1,9.314636643,9.397543501,9.174616172,10,6.681883316,2.278607984
R392,40.620728,-73.990388,1,8.730186774,10,8.875567895,8.403079253,6.011105502,2.251640586
R393,40.617373,-73.985088,1,9.044611664,9.3759742,9.409836066,10,6.797635044,2.03520559
R394,40.612006,-73.982009,1,8.69687759,10,9.052500691,9.186791931,4.944183476,4.031500414
R395,40.603967,-73.980668,1,9.388618303,9.53396565,9.107152012,10,4.88054345,3.044091259
R396,40.597482,-73.979359,1,9.699658703,9.529010239,9.126279863,10,4.290102389,3.518771331
R397,40.592676,-73.978243,1,9.925824176,9.884615385,9.266483516,10,1.46978022,8.186813187
R398,40.625419,-73.996632,1,9.22771108,9.799842551,9.49340681,10,6.785081677,1.545561897
R399,40.597873,-73.986955,1,9.557765428,8.352149751,9.742029833,10,7.146534074,2.734717754
R400,40.588879,-73.983629,1,9.593679458,10,9.85778781,9.405756208,6.937358916,2.472911964
R401,40.697673,-73.927131,1,8.093109569,9.019686945,9.092302727,10,7.494755527,2.250443763
R402,40.702798,-73.907776,1,8.881147541,9.383709016,9.614241803,10,7.504098361,1.877561475
R403,40.704424,-73.903077,1,9.02073763,9.549940937,9.720042,10,7.4000525,1.839873999
R404,40.706181,-73.89591,1,9.243387657,9.684210526,10,9.937483302,7.141864814,1.836761956
R405,40.816505,-73.907797,1,8.584743556,8.191096069,9.367352252,10,7.288987243,3.619630305
R406,40.819396,-73.901467,1,9.072087175,10,9.701257334,9.812908634,6.796814753,2.993126572
R407,40.822172,-73.896747,1,9.363656388,9.641189427,9.526211454,10,5.850881057,2.55814978
R408,40.82417,-73.893228,1,8.085955378,9.739988558,10,9.815932494,6.886298627,3.464959954
R409,40.829966,-73.891876,1,8.576833839,9.569516331,9.868284847,10,5.690344458,2.967695877
R411,40.67491,-73.957794,1,8.414211438,8.502599653,8.991334489,10,5.830155979,2.237435009
R412,40.670499,-73.958759,2.097368421,7.221052632,8.018421053,9.202631579,10,1,3.794736842
R413,40.698666,-73.919685,1,9.281358491,10,8.019320755,9.673962264,8.361660377,2.604377358
R414,40.660476,-73.830301,1.162274619,9.113730929,10,8.477115118,9.151178918,2.622746186,1
R415,40.608693,-73.816068,5.419642857,8.191964286,8.433035714,8.834821429,10,2.607142857,1
R416,40.588032,-73.813684,10,4.613221884,3.961246201,3.079027356,6.022036474,1,4.804711246
R417,40.585514,-73.820143,10,3.561418685,3.549740484,2.113321799,4.9433391,1,5.375432526
R418,40.583542,-73.82643,10,3.117088608,3.727848101,2.14556962,5.21835443,1,4.813291139
R419,40.580454,-73.837459,10,3.76745272,4.105766986,3.071912211,5.377072146,1,5.217371002
R420,40.63615,-73.978179,1,9.679306046,10,9.858819863,9.761583212,8.035632662,1.039268647
R421,40.625305,-73.975732,1,9.670277158,9.727620261,10,9.727620261,8.391525964,1.054475948
R422,40.620907,-73.975453,1,9.549611734,9.751509922,10,9.867989646,8.357635893,1.04659189
R423,40.615174,-73.974166,1,9.586618445,9.890958409,9.637070524,10,8.180470163,1.065099458
R424,40.609147,-73.972986,1.013124316,9.493073277,10,9.801494714,9.96226759,8.123222749,1
R425,40.596065,-73.973329,1.014614344,9.646820027,10,9.744248985,9.795399188,8.282814614,1
R426,40.580992,-73.974531,1,9.057318321,8.590583419,10,9.539406346,8.108495394,1
R427,40.843635,-73.836687,1,8.807740717,9.059786029,10,9.745122719,7.049087476,2.679358087
R428,40.846817,-73.832545,1,8.916316463,9.751690115,9.91942262,10,7.68298922,2.516170291
R429,40.852465,-73.828125,1,8.060855263,9.67972488,10,9.710675837,5.096291866,2.780352871
R430,40.858973,-73.855355,1,8.667803547,10,9.719645293,9.799454297,7.751023192,3.283765348
R431,40.888244,-73.83085,1,9.423496165,9.911586597,10,9.694792087,7.060557126,3.553088413
R432,40.682867,-73.91048,1,7.728773585,10,9.411725067,8.702156334,6.446091644,1.991576819
R433,40.677107,-73.898871,1,8.401734764,9.928098608,10,9.071444876,7.483451267,2.740013696
R434,40.678018,-73.891726,1,8.553825322,10,9.644549763,9.855788761,6.90859851,3.660798917
R435,40.679938,-73.884687,1,7.024677635,9.817919075,9.58181414,10,6.480435749,3.042907959
R436,40.681598,-73.880074,1,9.180030588,10,9.994100939,9.034520428,6.346515185,2.624207997
R437,40.683209,-73.873765,1,7.988004362,8.723009815,10,8.73391494,7.239912759,4.323882225
R438,40.678815,-73.920801,1.15876229,9.383169462,10,9.981781377,8.904279931,1,4.289762869
R439,40.67836,-73.911939,1,9.049237553,8.74499357,9.158368547,10,3.88866434,2.304611428
R440,40.674552,-73.896554,1,9.704519119,10,8.519119351,9.888760139,6.39165701,3.054461182
R441,40.672786,-73.890438,1,9.095944871,9.573018818,9.739994699,10,5.689636894,3.476013782
R442,40.674161,-73.880761,1,9.807502468,9.612043435,8.276406713,10,5.255676209,3.286278381
R443,40.839301,-73.913355,1,8.908359621,9.470504732,9.423659306,10,6.160094637,3.372082019
R444,40.898382,-73.854389,1,9.586003222,10,9.586003222,8.978700555,6.478611061,1.157866476
R445,40.810512,-73.926165,1,8.478124214,10,8.897913,9.734096052,6.54324868,2.0285391
R446,40.808044,-73.919234,1,9.059012187,9.670942912,9.966516998,10,6.836433611,3.422322001
R447,40.805737,-73.914471,1,8.28860659,9.551607781,9.165740373,10,6.875545852,2.961492656
R448,40.808742,-73.90769,1,9.12244898,9.673469388,9.32244898,10,5.86122449,2.979591837
R449,40.812104,-73.904085,1,8.562391681,9.413778163,9.347487002,10,6.437175043,3.179809359
R450,40.816083,-73.89606,1,8.836836629,9.188969823,9.986888658,10,6.815816857,2.590218522
R451,40.656648,-73.950198,1,8.728067282,9.640831135,9.913918206,10,7.371536939,2.126484169
R452,40.778575,-73.981912,1,8.279070612,9.322345253,9.517734616,10,6.777055727,2.054383736
R453,40.742981,-73.992727,1,8.600443131,9.506646972,9.754062038,10,7.170605613,2.505169867
R455,40.66043,-73.997944,1,9.566917293,9.535338346,9.070676692,10,5.989473684,2.953383459
R456,40.690545,-73.985065,1,8.32388664,9.203585888,8.912087912,10,7.157894737,4.167437825
R459,40.852417,-73.828082,2.867924528,1.849056604,2.018867925,1.169811321,10,1,2.698113208
R460,40.708377,-73.957751,1.145853194,8.369399428,9.051954242,8.957102002,10,6.892755005,1
R461,40.725297,-73.996204,1,7.285090036,8.835726291,9.290372149,10,7.426410564,2.44605042
R462,40.718697,-74.000977,1,9.072646405,9.628296092,9.693106004,10,7.210314519,2.320025416
R463,40.718697,-74.000977,1,8.863545532,9.187268056,10,8.680274051,7.36911219,2.898658293
R464,40.668221,-73.834026,3.495798319,7.201680672,5.68907563,8.638655462,10,4.25210084,1
R468,40.761268,-73.964016,9.418103448,5.954433498,8.686576355,7.05726601,10,1,9.6841133
R469,40.7574,-73.954006,6.854765507,5.724659607,8.134644478,7.494704992,10,1,8.223146747
R535,40.660476,-73.830301,5.184798808,8.323397914,7.277198212,9.128166915,10,5.332339791,1
R536,40.643942,-73.782356,6.665467626,10,8.057553957,6.660842754,7.558067831,1.730729702,1
R550,0,0,#N/A,#N/A,#N/A,#N/A,#N/A,#N/A,#N/A
R570,#N/A,#N/A,1,9.026703647,9.781946959,10,9.354505238,7.210901506,1.644050703
R571,#N/A,#N/A,1,8.512451885,9.436952187,9.787970134,10,7.221490516,2.550155359
R572,#N/A,#N/A,1,8.856453362,9.614913232,10,9.93362256,6.83340564,1.397288503
R001,40.703082,-74.012983,1,7.986636971,9.585746102,9.469933185,10,6.271714922,2.273942094
